Time,Carrasco
2024-11-17 04:54:25,
2024-11-17 04:54:46,
2024-11-17 04:54:55,
2024-11-17 04:55:02,
2024-11-17 04:55:04,
2024-11-17 04:55:29,
2024-11-17 04:55:40,
2024-11-17 04:55:43,
2024-11-17 04:56:36,
2024-11-17 04:56:48,
2024-11-17 04:57:30,1.0
2024-11-17 04:58:34,
2024-11-17 04:58:34,
2024-11-17 04:58:38,
2024-11-17 04:59:00,
2024-11-17 04:59:25,
2024-11-17 04:59:46,
2024-11-17 04:59:55,
2024-11-17 05:00:02,
2024-11-17 05:00:04,
2024-11-17 05:00:29,
2024-11-17 05:00:40,
2024-11-17 05:00:42,
2024-11-17 05:01:37,
2024-11-17 05:01:48,
2024-11-17 05:02:30,2.0
2024-11-17 05:03:34,
2024-11-17 05:03:34,
2024-11-17 05:03:38,
2024-11-17 05:04:00,
2024-11-17 05:04:25,
2024-11-17 05:04:46,
2024-11-17 05:04:55,
2024-11-17 05:05:02,
2024-11-17 05:05:04,
2024-11-17 05:05:29,
2024-11-17 05:05:40,
2024-11-17 05:05:44,
2024-11-17 05:06:37,
2024-11-17 05:06:48,
2024-11-17 05:07:30,0.0
2024-11-17 05:08:34,
2024-11-17 05:08:34,
2024-11-17 05:08:38,
2024-11-17 05:09:00,
2024-11-17 05:09:25,
2024-11-17 05:09:46,
2024-11-17 05:09:55,
2024-11-17 05:10:02,
2024-11-17 05:10:04,
2024-11-17 05:10:29,
2024-11-17 05:10:40,
2024-11-17 05:10:42,
2024-11-17 05:11:37,
2024-11-17 05:11:48,
2024-11-17 05:12:30,0.0
2024-11-17 05:13:34,
2024-11-17 05:13:34,
2024-11-17 05:13:38,
2024-11-17 05:14:00,
2024-11-17 05:14:25,
2024-11-17 05:14:46,
2024-11-17 05:14:55,
2024-11-17 05:15:02,
2024-11-17 05:15:04,
2024-11-17 05:15:29,
2024-11-17 05:15:40,
2024-11-17 05:15:42,
2024-11-17 05:16:37,
2024-11-17 05:16:48,
2024-11-17 05:17:30,0.0
2024-11-17 05:18:34,
2024-11-17 05:18:34,
2024-11-17 05:18:38,
2024-11-17 05:19:00,
2024-11-17 05:19:25,
2024-11-17 05:19:46,
2024-11-17 05:19:55,
2024-11-17 05:20:02,
2024-11-17 05:20:04,
2024-11-17 05:20:29,
2024-11-17 05:20:40,
2024-11-17 05:20:42,
2024-11-17 05:21:37,
2024-11-17 05:21:48,
2024-11-17 05:22:30,0.0
2024-11-17 05:23:34,
2024-11-17 05:23:34,
2024-11-17 05:23:38,
2024-11-17 05:24:00,
2024-11-17 05:24:25,
2024-11-17 05:24:46,
2024-11-17 05:24:55,
2024-11-17 05:25:02,
2024-11-17 05:25:04,
2024-11-17 05:25:29,
2024-11-17 05:25:40,
2024-11-17 05:25:43,
2024-11-17 05:26:37,
2024-11-17 05:26:48,
2024-11-17 05:27:30,0.0
2024-11-17 05:28:34,
2024-11-17 05:28:34,
2024-11-17 05:28:38,
2024-11-17 05:29:00,
2024-11-17 05:29:25,
2024-11-17 05:29:46,
2024-11-17 05:29:55,
2024-11-17 05:30:03,
2024-11-17 05:30:04,
2024-11-17 05:30:29,
2024-11-17 05:30:40,
2024-11-17 05:30:43,
2024-11-17 05:31:37,
2024-11-17 05:31:48,
2024-11-17 05:32:30,0.0
2024-11-17 05:33:34,
2024-11-17 05:33:34,
2024-11-17 05:33:38,
2024-11-17 05:34:00,
2024-11-17 05:34:25,
2024-11-17 05:34:46,
2024-11-17 05:34:55,
2024-11-17 05:35:04,
2024-11-17 05:35:29,
2024-11-17 05:35:40,
2024-11-17 05:35:43,
2024-11-17 05:36:37,
2024-11-17 05:36:48,
2024-11-17 05:37:30,0.0
2024-11-17 05:38:34,
2024-11-17 05:38:34,
2024-11-17 05:38:38,
2024-11-17 05:39:00,
2024-11-17 05:39:25,
2024-11-17 05:39:47,
2024-11-17 05:39:55,
2024-11-17 05:40:04,
2024-11-17 05:40:05,
2024-11-17 05:40:29,
2024-11-17 05:40:40,
2024-11-17 05:40:43,
2024-11-17 05:41:37,
2024-11-17 05:41:48,
2024-11-17 05:42:30,0.0
2024-11-17 05:43:34,
2024-11-17 05:43:34,
2024-11-17 05:43:38,
2024-11-17 05:44:00,
2024-11-17 05:44:25,
2024-11-17 05:44:47,
2024-11-17 05:44:55,
2024-11-17 05:45:04,
2024-11-17 05:45:05,
2024-11-17 05:45:29,
2024-11-17 05:45:40,
2024-11-17 05:45:43,
2024-11-17 05:46:37,
2024-11-17 05:46:48,
2024-11-17 05:47:32,0.51
2024-11-17 05:48:34,
2024-11-17 05:48:34,
2024-11-17 05:48:38,
2024-11-17 05:49:00,
2024-11-17 05:49:25,
2024-11-17 05:49:47,
2024-11-17 05:49:55,
2024-11-17 05:50:05,
2024-11-17 05:50:29,
2024-11-17 05:50:40,
2024-11-17 05:50:43,
2024-11-17 05:51:37,
2024-11-17 05:51:48,
2024-11-17 05:52:32,5.84
2024-11-17 05:53:34,
2024-11-17 05:53:34,
2024-11-17 05:53:38,
2024-11-17 05:54:00,
2024-11-17 05:54:25,
2024-11-17 05:54:47,
2024-11-17 05:54:55,
2024-11-17 05:55:05,
2024-11-17 05:55:29,
2024-11-17 05:55:40,
2024-11-17 05:55:44,
2024-11-17 05:56:37,
2024-11-17 05:56:48,
2024-11-17 05:57:32,9.4
2024-11-17 05:58:34,
2024-11-17 05:58:34,
2024-11-17 05:58:38,
2024-11-17 05:59:00,
2024-11-17 05:59:25,
2024-11-17 05:59:47,
2024-11-17 05:59:55,
2024-11-17 06:00:05,
2024-11-17 06:00:29,
2024-11-17 06:00:40,
2024-11-17 06:00:43,
2024-11-17 06:01:37,
2024-11-17 06:01:48,
2024-11-17 06:02:32,10.16
2024-11-17 06:03:34,
2024-11-17 06:03:34,
2024-11-17 06:04:00,
2024-11-17 06:04:25,
2024-11-17 06:04:47,
2024-11-17 06:04:56,
2024-11-17 06:05:05,
2024-11-17 06:05:29,
2024-11-17 06:05:40,
2024-11-17 06:05:44,
2024-11-17 06:06:37,
2024-11-17 06:06:48,
2024-11-17 06:07:32,10.16
2024-11-17 06:08:34,
2024-11-17 06:08:34,
2024-11-17 06:09:00,
2024-11-17 06:09:25,
2024-11-17 06:09:56,
2024-11-17 06:10:05,
2024-11-17 06:10:06,
2024-11-17 06:10:29,
2024-11-17 06:10:40,
2024-11-17 06:10:43,
2024-11-17 06:11:37,
2024-11-17 06:11:48,
2024-11-17 06:12:32,10.16
2024-11-17 06:13:34,
2024-11-17 06:13:34,
2024-11-17 06:14:00,
2024-11-17 06:14:25,
2024-11-17 06:14:56,
2024-11-17 06:15:05,
2024-11-17 06:15:06,
2024-11-17 06:15:29,
2024-11-17 06:15:40,
2024-11-17 06:15:43,
2024-11-17 06:16:37,
2024-11-17 06:16:48,
2024-11-17 06:17:32,10.16
2024-11-17 06:18:34,
2024-11-17 06:18:34,
2024-11-17 06:19:00,
2024-11-17 06:19:25,
2024-11-17 06:19:56,
2024-11-17 06:20:05,
2024-11-17 06:20:06,
2024-11-17 06:20:29,
2024-11-17 06:20:40,
2024-11-17 06:20:43,
2024-11-17 06:21:37,
2024-11-17 06:21:48,
2024-11-17 06:22:32,10.16
2024-11-17 06:23:34,
2024-11-17 06:23:34,
2024-11-17 06:24:01,
2024-11-17 06:24:25,
2024-11-17 06:24:56,
2024-11-17 06:25:05,
2024-11-17 06:25:06,
2024-11-17 06:25:29,
2024-11-17 06:25:40,
2024-11-17 06:25:43,
2024-11-17 06:26:39,
2024-11-17 06:26:48,
2024-11-17 06:27:32,10.16
2024-11-17 06:28:34,
2024-11-17 06:28:34,
2024-11-17 06:29:01,
2024-11-17 06:29:25,
2024-11-17 06:29:56,
2024-11-17 06:30:05,
2024-11-17 06:30:06,
2024-11-17 06:30:29,
2024-11-17 06:30:40,
2024-11-17 06:30:43,
2024-11-17 06:31:39,
2024-11-17 06:31:48,
2024-11-17 06:32:32,10.16
2024-11-17 06:33:34,
2024-11-17 06:33:34,
2024-11-17 06:34:01,
2024-11-17 06:34:25,
2024-11-17 06:34:56,
2024-11-17 06:35:05,
2024-11-17 06:35:06,
2024-11-17 06:35:29,
2024-11-17 06:35:40,
2024-11-17 06:35:43,
2024-11-17 06:36:39,
2024-11-17 06:36:48,
2024-11-17 06:37:32,10.16
2024-11-17 06:38:34,
2024-11-17 06:38:34,
2024-11-17 06:39:01,
2024-11-17 06:39:25,
2024-11-17 06:39:56,
2024-11-17 06:40:05,
2024-11-17 06:40:06,
2024-11-17 06:40:29,
2024-11-17 06:40:40,
2024-11-17 06:40:46,
2024-11-17 06:41:39,
2024-11-17 06:41:48,
2024-11-17 06:42:32,10.16
2024-11-17 06:43:34,
2024-11-17 06:43:34,
2024-11-17 06:44:01,
2024-11-17 06:44:25,
2024-11-17 06:44:56,
2024-11-17 06:45:05,
2024-11-17 06:45:06,
2024-11-17 06:45:29,
2024-11-17 06:45:40,
2024-11-17 06:45:43,
2024-11-17 06:46:39,
2024-11-17 06:46:48,
2024-11-17 06:47:32,10.16
2024-11-17 06:48:34,
2024-11-17 06:48:34,
2024-11-17 06:49:01,
2024-11-17 06:49:25,
2024-11-17 06:49:56,
2024-11-17 06:50:06,
2024-11-17 06:50:29,
2024-11-17 06:50:40,
2024-11-17 06:50:44,
2024-11-17 06:51:39,
2024-11-17 06:51:48,
2024-11-17 06:52:32,10.16
2024-11-17 06:53:34,
2024-11-17 06:53:34,
2024-11-17 06:54:01,
2024-11-17 06:54:25,
2024-11-17 06:54:57,
2024-11-17 06:55:06,
2024-11-17 06:55:30,
2024-11-17 06:55:40,
2024-11-17 06:55:43,
2024-11-17 06:56:39,
2024-11-17 06:56:48,
2024-11-17 06:57:32,10.16
2024-11-17 06:58:34,
2024-11-17 06:58:34,
2024-11-17 06:59:01,
2024-11-17 06:59:25,
2024-11-17 06:59:56,
2024-11-17 07:00:06,
2024-11-17 07:00:30,
2024-11-17 07:00:40,
2024-11-17 07:00:44,
2024-11-17 07:01:39,
2024-11-17 07:01:48,
2024-11-17 07:02:32,10.16
2024-11-17 07:03:34,
2024-11-17 07:03:34,
2024-11-17 07:04:01,
2024-11-17 07:04:25,
2024-11-17 07:04:56,
2024-11-17 07:05:06,
2024-11-17 07:05:30,
2024-11-17 07:05:40,
2024-11-17 07:05:48,
2024-11-17 07:06:39,
2024-11-17 07:06:48,
2024-11-17 07:07:32,10.16
2024-11-17 07:08:34,
2024-11-17 07:08:34,
2024-11-17 07:09:04,
2024-11-17 07:09:25,
2024-11-17 07:09:56,
2024-11-17 07:10:06,
2024-11-17 07:10:30,
2024-11-17 07:10:40,
2024-11-17 07:10:48,
2024-11-17 07:11:39,
2024-11-17 07:11:48,
2024-11-17 07:12:32,10.16
2024-11-17 07:13:34,
2024-11-17 07:13:34,
2024-11-17 07:14:04,
2024-11-17 07:14:25,
2024-11-17 07:14:56,
2024-11-17 07:15:06,
2024-11-17 07:15:30,
2024-11-17 07:15:40,
2024-11-17 07:15:45,
2024-11-17 07:16:39,
2024-11-17 07:16:48,
2024-11-17 07:17:32,10.16
2024-11-17 07:18:34,
2024-11-17 07:18:34,
2024-11-17 07:19:04,
2024-11-17 07:19:25,
2024-11-17 07:19:57,
2024-11-17 07:20:06,
2024-11-17 07:20:07,
2024-11-17 07:20:30,
2024-11-17 07:20:40,
2024-11-17 07:20:44,
2024-11-17 07:21:39,
2024-11-17 07:21:48,
2024-11-17 07:22:32,10.16
2024-11-17 07:23:34,
2024-11-17 07:24:04,
2024-11-17 07:24:25,
2024-11-17 07:24:57,
2024-11-17 07:25:06,
2024-11-17 07:25:07,
2024-11-17 07:25:30,
2024-11-17 07:25:40,
2024-11-17 07:25:44,
2024-11-17 07:26:39,
2024-11-17 07:26:48,
2024-11-17 07:27:32,10.16
2024-11-17 07:28:34,
2024-11-17 07:28:34,
2024-11-17 07:29:04,
2024-11-17 07:29:25,
2024-11-17 07:29:57,
2024-11-17 07:30:06,
2024-11-17 07:30:07,
2024-11-17 07:30:30,
2024-11-17 07:30:40,
2024-11-17 07:30:44,
2024-11-17 07:31:39,
2024-11-17 07:31:48,
2024-11-17 07:32:32,10.16
2024-11-17 07:33:34,
2024-11-17 07:33:34,
2024-11-17 07:34:04,
2024-11-17 07:34:25,
2024-11-17 07:34:57,
2024-11-17 07:35:06,
2024-11-17 07:35:07,
2024-11-17 07:35:30,
2024-11-17 07:35:40,
2024-11-17 07:35:45,
2024-11-17 07:36:39,
2024-11-17 07:36:48,
2024-11-17 07:37:32,10.16
2024-11-17 07:38:35,
2024-11-17 07:38:35,
2024-11-17 07:39:04,
2024-11-17 07:39:26,
2024-11-17 07:39:57,
2024-11-17 07:40:06,
2024-11-17 07:40:07,
2024-11-17 07:40:30,
2024-11-17 07:40:40,
2024-11-17 07:40:44,
2024-11-17 07:41:39,
2024-11-17 07:41:48,
2024-11-17 07:42:32,10.16
2024-11-17 07:43:35,
2024-11-17 07:43:35,
2024-11-17 07:44:04,
2024-11-17 07:44:26,
2024-11-17 07:44:57,
2024-11-17 07:45:06,
2024-11-17 07:45:07,
2024-11-17 07:45:30,
2024-11-17 07:45:40,
2024-11-17 07:45:45,
2024-11-17 07:46:39,
2024-11-17 07:46:49,
2024-11-17 07:47:32,10.16
2024-11-17 07:48:35,
2024-11-17 07:48:35,
2024-11-17 07:49:04,
2024-11-17 07:49:26,
2024-11-17 07:49:57,
2024-11-17 07:50:06,
2024-11-17 07:50:07,
2024-11-17 07:50:30,
2024-11-17 07:50:40,
2024-11-17 07:50:44,
2024-11-17 07:51:39,
2024-11-17 07:51:49,
2024-11-17 07:52:34,10.16
2024-11-17 07:53:35,
2024-11-17 07:53:35,
2024-11-17 07:54:04,
2024-11-17 07:54:26,
2024-11-17 07:54:57,
2024-11-17 07:55:07,
2024-11-17 07:55:30,
2024-11-17 07:55:40,
2024-11-17 07:55:45,
2024-11-17 07:56:40,
2024-11-17 07:56:49,
2024-11-17 07:57:34,10.16
2024-11-17 07:58:35,
2024-11-17 07:58:35,
2024-11-17 07:59:04,
2024-11-17 07:59:26,
2024-11-17 07:59:57,
2024-11-17 08:00:07,
2024-11-17 08:00:30,
2024-11-17 08:00:40,
2024-11-17 08:00:44,
2024-11-17 08:01:40,
2024-11-17 08:01:49,
2024-11-17 08:02:34,10.16
2024-11-17 08:03:35,
2024-11-17 08:03:35,
2024-11-17 08:04:04,
2024-11-17 08:04:26,
2024-11-17 08:04:57,
2024-11-17 08:05:07,
2024-11-17 08:05:30,
2024-11-17 08:05:40,
2024-11-17 08:05:45,
2024-11-17 08:06:40,
2024-11-17 08:06:49,
2024-11-17 08:07:35,10.16
2024-11-17 08:08:35,
2024-11-17 08:08:35,
2024-11-17 08:09:04,
2024-11-17 08:09:26,
2024-11-17 08:09:57,
2024-11-17 08:10:07,
2024-11-17 08:10:30,
2024-11-17 08:10:40,
2024-11-17 08:10:45,
2024-11-17 08:11:40,
2024-11-17 08:11:49,
2024-11-17 08:12:35,10.16
2024-11-17 08:13:35,
2024-11-17 08:13:35,
2024-11-17 08:14:04,
2024-11-17 08:14:26,
2024-11-17 08:14:58,
2024-11-17 08:15:07,
2024-11-17 08:15:30,
2024-11-17 08:15:40,
2024-11-17 08:15:46,
2024-11-17 08:16:40,
2024-11-17 08:16:49,
2024-11-17 08:17:35,10.16
2024-11-17 08:18:35,
2024-11-17 08:18:35,
2024-11-17 08:19:04,
2024-11-17 08:19:26,
2024-11-17 08:19:58,
2024-11-17 08:20:07,
2024-11-17 08:20:30,
2024-11-17 08:20:40,
2024-11-17 08:20:45,
2024-11-17 08:21:40,
2024-11-17 08:21:49,
2024-11-17 08:22:35,10.16
2024-11-17 08:23:35,
2024-11-17 08:23:35,
2024-11-17 08:24:04,
2024-11-17 08:24:26,
2024-11-17 08:24:58,
2024-11-17 08:25:07,
2024-11-17 08:25:30,
2024-11-17 08:25:40,
2024-11-17 08:25:46,
2024-11-17 08:26:40,
2024-11-17 08:26:49,
2024-11-17 08:27:35,10.16
2024-11-17 08:28:35,
2024-11-17 08:28:35,
2024-11-17 08:29:04,
2024-11-17 08:29:26,
2024-11-17 08:29:58,
2024-11-17 08:30:07,
2024-11-17 08:30:08,
2024-11-17 08:30:30,
2024-11-17 08:30:40,
2024-11-17 08:30:45,
2024-11-17 08:31:40,
2024-11-17 08:31:49,
2024-11-17 08:32:35,10.16
2024-11-17 08:33:35,
2024-11-17 08:34:04,
2024-11-17 08:34:26,
2024-11-17 08:34:58,
2024-11-17 08:35:07,
2024-11-17 08:35:08,
2024-11-17 08:35:30,
2024-11-17 08:35:41,
2024-11-17 08:35:46,
2024-11-17 08:36:40,
2024-11-17 08:36:49,
2024-11-17 08:37:35,10.16
2024-11-17 08:38:35,
2024-11-17 08:38:35,
2024-11-17 08:39:04,
2024-11-17 08:39:26,
2024-11-17 08:39:58,
2024-11-17 08:40:07,
2024-11-17 08:40:08,
2024-11-17 08:40:30,
2024-11-17 08:40:41,
2024-11-17 08:40:45,
2024-11-17 08:41:40,
2024-11-17 08:41:49,
2024-11-17 08:42:35,10.16
2024-11-17 08:43:35,
2024-11-17 08:43:35,
2024-11-17 08:44:04,
2024-11-17 08:44:26,
2024-11-17 08:44:58,
2024-11-17 08:45:07,
2024-11-17 08:45:08,
2024-11-17 08:45:30,
2024-11-17 08:45:41,
2024-11-17 08:45:45,
2024-11-17 08:46:40,
2024-11-17 08:46:49,
2024-11-17 08:47:35,10.16
2024-11-17 08:48:35,
2024-11-17 08:49:04,
2024-11-17 08:49:26,
2024-11-17 08:49:58,
2024-11-17 08:50:07,
2024-11-17 08:50:08,
2024-11-17 08:50:30,
2024-11-17 08:50:41,
2024-11-17 08:50:45,
2024-11-17 08:51:40,
2024-11-17 08:51:49,
2024-11-17 08:52:35,10.16
2024-11-17 08:53:35,
2024-11-17 08:53:35,
2024-11-17 08:54:04,
2024-11-17 08:54:26,
2024-11-17 08:54:58,
2024-11-17 08:55:08,
2024-11-17 08:55:30,
2024-11-17 08:55:41,
2024-11-17 08:55:46,
2024-11-17 08:56:40,
2024-11-17 08:56:49,
2024-11-17 08:57:35,10.16
2024-11-17 08:58:35,
2024-11-17 08:58:35,
2024-11-17 08:59:04,
2024-11-17 08:59:26,
2024-11-17 08:59:58,
2024-11-17 09:00:08,
2024-11-17 09:00:30,
2024-11-17 09:00:41,
2024-11-17 09:00:45,
2024-11-17 09:01:40,
2024-11-17 09:01:49,
2024-11-17 09:02:35,10.16
2024-11-17 09:03:35,
2024-11-17 09:03:35,
2024-11-17 09:04:04,
2024-11-17 09:04:26,
2024-11-17 09:04:58,
2024-11-17 09:05:08,
2024-11-17 09:05:30,
2024-11-17 09:05:41,
2024-11-17 09:05:46,
2024-11-17 09:06:40,
2024-11-17 09:06:49,
2024-11-17 09:07:35,10.16
2024-11-17 09:08:35,
2024-11-17 09:08:35,
2024-11-17 09:09:06,
2024-11-17 09:09:26,
2024-11-17 09:09:58,
2024-11-17 09:10:08,
2024-11-17 09:10:30,
2024-11-17 09:10:41,
2024-11-17 09:10:46,
2024-11-17 09:11:40,
2024-11-17 09:11:49,
2024-11-17 09:12:35,10.16
2024-11-17 09:13:35,
2024-11-17 09:13:35,
2024-11-17 09:14:06,
2024-11-17 09:14:26,
2024-11-17 09:14:58,
2024-11-17 09:15:08,
2024-11-17 09:15:30,
2024-11-17 09:15:41,
2024-11-17 09:15:46,
2024-11-17 09:16:40,
2024-11-17 09:16:49,
2024-11-17 09:17:35,10.16
2024-11-17 09:18:35,
2024-11-17 09:18:35,
2024-11-17 09:19:06,
2024-11-17 09:19:26,
2024-11-17 09:19:58,
2024-11-17 09:20:08,
2024-11-17 09:20:30,
2024-11-17 09:20:41,
2024-11-17 09:20:45,
2024-11-17 09:21:40,
2024-11-17 09:21:49,
2024-11-17 09:22:35,10.92
2024-11-17 09:23:35,
2024-11-17 09:23:35,
2024-11-17 09:24:06,
2024-11-17 09:24:27,
2024-11-17 09:24:59,
2024-11-17 09:25:08,
2024-11-17 09:25:30,
2024-11-17 09:25:41,
2024-11-17 09:25:46,
2024-11-17 09:26:40,
2024-11-17 09:26:49,
2024-11-17 09:27:35,11.43
2024-11-17 09:28:35,
2024-11-17 09:28:35,
2024-11-17 09:29:06,
2024-11-17 09:29:27,
2024-11-17 09:29:59,
2024-11-17 09:30:08,
2024-11-17 09:30:30,
2024-11-17 09:30:41,
2024-11-17 09:30:46,
2024-11-17 09:31:40,
2024-11-17 09:31:49,
2024-11-17 09:32:35,13.21
2024-11-17 09:33:35,
2024-11-17 09:33:35,
2024-11-17 09:34:06,
2024-11-17 09:34:27,
2024-11-17 09:34:59,
2024-11-17 09:35:08,
2024-11-17 09:35:09,
2024-11-17 09:35:30,
2024-11-17 09:35:41,
2024-11-17 09:35:47,
2024-11-17 09:36:40,
2024-11-17 09:36:49,
2024-11-17 09:37:35,17.53
2024-11-17 09:38:35,
2024-11-17 09:38:35,
2024-11-17 09:39:06,
2024-11-17 09:39:27,
2024-11-17 09:39:59,
2024-11-17 09:40:08,
2024-11-17 09:40:09,
2024-11-17 09:40:30,
2024-11-17 09:40:41,
2024-11-17 09:40:46,
2024-11-17 09:41:40,
2024-11-17 09:41:49,
2024-11-17 09:42:35,24.38
2024-11-17 09:43:35,
2024-11-17 09:43:35,
2024-11-17 09:44:06,
2024-11-17 09:44:27,
2024-11-17 09:44:59,
2024-11-17 09:45:08,
2024-11-17 09:45:09,
2024-11-17 09:45:30,
2024-11-17 09:45:41,
2024-11-17 09:45:46,
2024-11-17 09:46:40,
2024-11-17 09:46:50,
2024-11-17 09:47:35,27.69
2024-11-17 09:48:35,
2024-11-17 09:48:35,
2024-11-17 09:49:06,
2024-11-17 09:49:27,
2024-11-17 09:49:59,
2024-11-17 09:50:09,
2024-11-17 09:50:30,
2024-11-17 09:50:41,
2024-11-17 09:50:46,
2024-11-17 09:51:40,
2024-11-17 09:51:50,
2024-11-17 09:52:35,28.45
2024-11-17 09:53:35,
2024-11-17 09:53:35,
2024-11-17 09:54:06,
2024-11-17 09:54:27,
2024-11-17 09:54:59,
2024-11-17 09:55:09,
2024-11-17 09:55:30,
2024-11-17 09:55:41,
2024-11-17 09:55:46,
2024-11-17 09:56:40,
2024-11-17 09:56:50,
2024-11-17 09:57:35,28.45
2024-11-17 09:58:35,
2024-11-17 09:58:35,
2024-11-17 09:59:06,
2024-11-17 09:59:28,
2024-11-17 09:59:59,
2024-11-17 10:00:09,
2024-11-17 10:00:30,
2024-11-17 10:00:41,
2024-11-17 10:00:46,
2024-11-17 10:01:40,
2024-11-17 10:01:50,
2024-11-17 10:02:35,28.45
2024-11-17 10:03:35,
2024-11-17 10:03:35,
2024-11-17 10:04:06,
2024-11-17 10:04:28,
2024-11-17 10:04:59,
2024-11-17 10:05:09,
2024-11-17 10:05:30,
2024-11-17 10:05:41,
2024-11-17 10:05:46,
2024-11-17 10:06:40,
2024-11-17 10:06:50,
2024-11-17 10:07:35,28.7
2024-11-17 10:08:35,
2024-11-17 10:08:35,
2024-11-17 10:09:06,
2024-11-17 10:09:28,
2024-11-17 10:09:59,
2024-11-17 10:10:09,
2024-11-17 10:10:30,
2024-11-17 10:10:41,
2024-11-17 10:10:47,
2024-11-17 10:11:40,
2024-11-17 10:11:50,
2024-11-17 10:12:35,29.46
2024-11-17 10:13:35,
2024-11-17 10:13:35,
2024-11-17 10:14:06,
2024-11-17 10:14:30,
2024-11-17 10:14:59,
2024-11-17 10:15:09,
2024-11-17 10:15:30,
2024-11-17 10:15:41,
2024-11-17 10:15:47,
2024-11-17 10:16:40,
2024-11-17 10:16:50,
2024-11-17 10:17:35,30.23
2024-11-17 10:18:35,
2024-11-17 10:18:35,
2024-11-17 10:19:06,
2024-11-17 10:19:30,
2024-11-17 10:19:59,
2024-11-17 10:20:09,
2024-11-17 10:20:30,
2024-11-17 10:20:41,
2024-11-17 10:21:40,
2024-11-17 10:21:50,
2024-11-17 10:22:35,30.48
2024-11-17 10:23:35,
2024-11-17 10:23:35,
2024-11-17 10:24:06,
2024-11-17 10:24:30,
2024-11-17 10:24:59,
2024-11-17 10:25:09,
2024-11-17 10:25:30,
2024-11-17 10:25:41,
2024-11-17 10:26:40,
2024-11-17 10:26:50,
2024-11-17 10:27:35,30.99
2024-11-17 10:28:35,
2024-11-17 10:28:35,
2024-11-17 10:29:06,
2024-11-17 10:29:30,
2024-11-17 10:30:00,
2024-11-17 10:30:09,
2024-11-17 10:30:30,
2024-11-17 10:30:41,
2024-11-17 10:31:40,
2024-11-17 10:31:50,
2024-11-17 10:32:35,31.24
2024-11-17 10:33:35,
2024-11-17 10:33:35,
2024-11-17 10:34:06,
2024-11-17 10:34:30,
2024-11-17 10:35:00,
2024-11-17 10:35:09,
2024-11-17 10:35:30,
2024-11-17 10:35:41,
2024-11-17 10:35:47,
2024-11-17 10:36:40,
2024-11-17 10:36:50,
2024-11-17 10:37:35,32.26
2024-11-17 10:38:35,
2024-11-17 10:38:35,
2024-11-17 10:39:06,
2024-11-17 10:39:30,
2024-11-17 10:40:00,
2024-11-17 10:40:09,
2024-11-17 10:40:10,
2024-11-17 10:40:30,
2024-11-17 10:40:41,
2024-11-17 10:40:47,
2024-11-17 10:41:40,
2024-11-17 10:41:51,
2024-11-17 10:42:35,32.77
2024-11-17 10:43:35,
2024-11-17 10:43:35,
2024-11-17 10:44:06,
2024-11-17 10:44:30,
2024-11-17 10:45:00,
2024-11-17 10:45:09,
2024-11-17 10:45:10,
2024-11-17 10:45:30,
2024-11-17 10:45:41,
2024-11-17 10:45:47,
2024-11-17 10:46:40,
2024-11-17 10:46:51,
2024-11-17 10:47:35,33.02
2024-11-17 10:48:35,
2024-11-17 10:48:35,
2024-11-17 10:49:06,
2024-11-17 10:49:30,
2024-11-17 10:50:00,
2024-11-17 10:50:10,
2024-11-17 10:50:30,
2024-11-17 10:50:41,
2024-11-17 10:50:47,
2024-11-17 10:51:40,
2024-11-17 10:51:51,
2024-11-17 10:52:38,33.53
2024-11-17 10:53:35,
2024-11-17 10:54:07,
2024-11-17 10:54:30,
2024-11-17 10:55:00,
2024-11-17 10:55:10,
2024-11-17 10:55:30,
2024-11-17 10:55:41,
2024-11-17 10:55:47,
2024-11-17 10:56:40,
2024-11-17 10:56:51,
2024-11-17 10:57:38,35.81
2024-11-17 10:58:35,
2024-11-17 10:58:35,
2024-11-17 10:59:07,
2024-11-17 10:59:30,
2024-11-17 11:00:00,
2024-11-17 11:00:10,
2024-11-17 11:00:30,
2024-11-17 11:00:41,
2024-11-17 11:00:47,
2024-11-17 11:01:40,
2024-11-17 11:01:51,
2024-11-17 11:02:38,37.08
2024-11-17 11:03:35,
2024-11-17 11:03:35,
2024-11-17 11:04:07,
2024-11-17 11:04:30,
2024-11-17 11:05:00,
2024-11-17 11:05:10,
2024-11-17 11:05:30,
2024-11-17 11:05:41,
2024-11-17 11:05:48,
2024-11-17 11:06:40,
2024-11-17 11:06:51,
2024-11-17 11:07:38,37.34
2024-11-17 11:08:35,
2024-11-17 11:08:35,
2024-11-17 11:09:07,
2024-11-17 11:09:30,
2024-11-17 11:10:00,
2024-11-17 11:10:10,
2024-11-17 11:10:30,
2024-11-17 11:10:41,
2024-11-17 11:10:47,
2024-11-17 11:11:40,
2024-11-17 11:11:51,
2024-11-17 11:12:38,37.59
2024-11-17 11:13:35,
2024-11-17 11:14:07,
2024-11-17 11:14:30,
2024-11-17 11:15:00,
2024-11-17 11:15:10,
2024-11-17 11:15:30,
2024-11-17 11:15:41,
2024-11-17 11:15:47,
2024-11-17 11:16:40,
2024-11-17 11:16:51,
2024-11-17 11:17:38,37.59
2024-11-17 11:18:35,
2024-11-17 11:18:35,
2024-11-17 11:19:07,
2024-11-17 11:19:30,
2024-11-17 11:20:00,
2024-11-17 11:20:10,
2024-11-17 11:20:30,
2024-11-17 11:20:41,
2024-11-17 11:20:47,
2024-11-17 11:21:41,
2024-11-17 11:21:51,
2024-11-17 11:22:38,37.59
2024-11-17 11:23:35,
2024-11-17 11:23:35,
2024-11-17 11:24:07,
2024-11-17 11:24:30,
2024-11-17 11:25:00,
2024-11-17 11:25:10,
2024-11-17 11:25:30,
2024-11-17 11:25:41,
2024-11-17 11:25:47,
2024-11-17 11:26:41,
2024-11-17 11:26:51,
2024-11-17 11:27:38,37.85
2024-11-17 11:28:35,
2024-11-17 11:29:07,
2024-11-17 11:29:30,
2024-11-17 11:30:00,
2024-11-17 11:30:10,
2024-11-17 11:30:13,
2024-11-17 11:30:30,
2024-11-17 11:30:42,
2024-11-17 11:30:47,
2024-11-17 11:31:41,
2024-11-17 11:31:51,
2024-11-17 11:32:38,38.1
2024-11-17 11:33:35,
2024-11-17 11:33:35,
2024-11-17 11:34:07,
2024-11-17 11:34:30,
2024-11-17 11:35:01,
2024-11-17 11:35:10,
2024-11-17 11:35:30,
2024-11-17 11:35:42,
2024-11-17 11:35:48,
2024-11-17 11:36:41,
2024-11-17 11:36:51,
2024-11-17 11:37:38,40.39
2024-11-17 11:38:35,
2024-11-17 11:38:35,
2024-11-17 11:39:07,
2024-11-17 11:39:30,
2024-11-17 11:40:01,
2024-11-17 11:40:10,
2024-11-17 11:40:11,
2024-11-17 11:40:30,
2024-11-17 11:40:42,
2024-11-17 11:40:48,
2024-11-17 11:41:41,
2024-11-17 11:41:51,
2024-11-17 11:42:38,41.15
2024-11-17 11:43:35,
2024-11-17 11:43:35,
2024-11-17 11:44:07,
2024-11-17 11:44:30,
2024-11-17 11:45:01,
2024-11-17 11:45:10,
2024-11-17 11:45:30,
2024-11-17 11:45:42,
2024-11-17 11:45:48,
2024-11-17 11:46:41,
2024-11-17 11:46:51,
2024-11-17 11:47:38,43.18
2024-11-17 11:48:35,
2024-11-17 11:48:35,
2024-11-17 11:49:07,
2024-11-17 11:49:30,
2024-11-17 11:50:01,
2024-11-17 11:50:10,
2024-11-17 11:50:11,
2024-11-17 11:50:30,
2024-11-17 11:50:42,
2024-11-17 11:50:47,
2024-11-17 11:51:41,
2024-11-17 11:51:51,
2024-11-17 11:52:38,43.43
2024-11-17 11:53:35,
2024-11-17 11:53:35,
2024-11-17 11:54:07,
2024-11-17 11:54:30,
2024-11-17 11:55:01,
2024-11-17 11:55:10,
2024-11-17 11:55:11,
2024-11-17 11:55:30,
2024-11-17 11:55:42,
2024-11-17 11:55:48,
2024-11-17 11:56:41,
2024-11-17 11:56:51,
2024-11-17 11:57:38,43.43
2024-11-17 11:58:35,
2024-11-17 11:58:35,
2024-11-17 11:59:07,
2024-11-17 11:59:30,
2024-11-17 12:00:01,
2024-11-17 12:00:11,
2024-11-17 12:00:12,
2024-11-17 12:00:30,
2024-11-17 12:00:42,
2024-11-17 12:00:48,
2024-11-17 12:01:42,
2024-11-17 12:01:52,
2024-11-17 12:02:38,43.94
2024-11-17 12:03:35,
2024-11-17 12:03:35,
2024-11-17 12:04:07,
2024-11-17 12:04:30,
2024-11-17 12:05:01,
2024-11-17 12:05:11,
2024-11-17 12:05:30,
2024-11-17 12:05:42,
2024-11-17 12:05:48,
2024-11-17 12:06:42,
2024-11-17 12:06:52,
2024-11-17 12:07:38,44.2
2024-11-17 12:08:35,
2024-11-17 12:08:35,
2024-11-17 12:09:07,
2024-11-17 12:09:30,
2024-11-17 12:10:01,
2024-11-17 12:10:11,
2024-11-17 12:10:30,
2024-11-17 12:10:42,
2024-11-17 12:10:48,
2024-11-17 12:11:42,
2024-11-17 12:11:52,
2024-11-17 12:12:38,44.2
2024-11-17 12:13:35,
2024-11-17 12:13:35,
2024-11-17 12:14:07,
2024-11-17 12:14:30,
2024-11-17 12:15:01,
2024-11-17 12:15:11,
2024-11-17 12:15:12,
2024-11-17 12:15:30,
2024-11-17 12:15:42,
2024-11-17 12:15:48,
2024-11-17 12:16:42,
2024-11-17 12:16:52,
2024-11-17 12:17:38,44.2
2024-11-17 12:18:35,
2024-11-17 12:18:35,
2024-11-17 12:19:07,
2024-11-17 12:19:30,
2024-11-17 12:20:01,
2024-11-17 12:20:11,
2024-11-17 12:20:12,
2024-11-17 12:20:30,
2024-11-17 12:20:42,
2024-11-17 12:20:48,
2024-11-17 12:21:42,
2024-11-17 12:21:52,
2024-11-17 12:22:38,44.2
2024-11-17 12:23:35,
2024-11-17 12:24:07,
2024-11-17 12:24:30,
2024-11-17 12:25:01,
2024-11-17 12:25:11,
2024-11-17 12:25:12,
2024-11-17 12:25:30,
2024-11-17 12:25:42,
2024-11-17 12:25:48,
2024-11-17 12:26:42,
2024-11-17 12:26:52,
2024-11-17 12:27:38,44.2
2024-11-17 12:28:35,
2024-11-17 12:29:07,
2024-11-17 12:29:30,
2024-11-17 12:30:01,
2024-11-17 12:30:11,
2024-11-17 12:30:12,
2024-11-17 12:30:30,
2024-11-17 12:30:42,
2024-11-17 12:30:48,
2024-11-17 12:31:42,
2024-11-17 12:31:52,
2024-11-17 12:32:38,44.2
2024-11-17 12:33:35,
2024-11-17 12:34:07,
2024-11-17 12:34:30,
2024-11-17 12:35:01,
2024-11-17 12:35:11,
2024-11-17 12:35:12,
2024-11-17 12:35:30,
2024-11-17 12:35:42,
2024-11-17 12:35:49,
2024-11-17 12:36:42,
2024-11-17 12:36:52,
2024-11-17 12:37:38,44.2
2024-11-17 12:38:35,
2024-11-17 12:38:35,
2024-11-17 12:39:07,
2024-11-17 12:39:30,
2024-11-17 12:40:01,
2024-11-17 12:40:11,
2024-11-17 12:40:12,
2024-11-17 12:40:30,
2024-11-17 12:40:42,
2024-11-17 12:40:48,
2024-11-17 12:41:42,
2024-11-17 12:41:52,
2024-11-17 12:42:38,44.2
2024-11-17 12:43:35,
2024-11-17 12:43:35,
2024-11-17 12:44:07,
2024-11-17 12:44:30,
2024-11-17 12:45:02,
2024-11-17 12:45:11,
2024-11-17 12:45:12,
2024-11-17 12:45:30,
2024-11-17 12:45:42,
2024-11-17 12:45:48,
2024-11-17 12:46:42,
2024-11-17 12:46:52,
2024-11-17 12:47:38,44.2
2024-11-17 12:48:35,
2024-11-17 12:48:35,
2024-11-17 12:49:07,
2024-11-17 12:49:30,
2024-11-17 12:50:02,
2024-11-17 12:50:11,
2024-11-17 12:50:12,
2024-11-17 12:50:30,
2024-11-17 12:50:42,
2024-11-17 12:50:50,
2024-11-17 12:51:42,
2024-11-17 12:51:52,
2024-11-17 12:52:38,44.2
2024-11-17 12:53:35,
2024-11-17 12:53:35,
2024-11-17 12:54:07,
2024-11-17 12:54:30,
2024-11-17 12:55:02,
2024-11-17 12:55:11,
2024-11-17 12:55:12,
2024-11-17 12:55:30,
2024-11-17 12:55:42,
2024-11-17 12:55:48,
2024-11-17 12:56:42,
2024-11-17 12:56:52,
2024-11-17 12:57:38,44.2
2024-11-17 12:58:35,
2024-11-17 12:58:35,
2024-11-17 12:59:07,
2024-11-17 12:59:30,
2024-11-17 13:00:02,
2024-11-17 13:00:11,
2024-11-17 13:00:12,
2024-11-17 13:00:15,
2024-11-17 13:00:30,
2024-11-17 13:00:42,
2024-11-17 13:00:49,
2024-11-17 13:01:42,
2024-11-17 13:01:52,
2024-11-17 13:02:39,44.2
2024-11-17 13:03:36,
2024-11-17 13:03:36,
2024-11-17 13:04:07,
2024-11-17 13:04:31,
2024-11-17 13:05:02,
2024-11-17 13:05:11,
2024-11-17 13:05:12,
2024-11-17 13:05:30,
2024-11-17 13:05:42,
2024-11-17 13:06:42,
2024-11-17 13:06:52,
2024-11-17 13:07:39,44.2
2024-11-17 13:08:36,
2024-11-17 13:08:36,
2024-11-17 13:09:07,
2024-11-17 13:09:31,
2024-11-17 13:10:02,
2024-11-17 13:10:11,
2024-11-17 13:10:12,
2024-11-17 13:10:30,
2024-11-17 13:10:42,
2024-11-17 13:10:48,
2024-11-17 13:11:42,
2024-11-17 13:11:52,
2024-11-17 13:12:39,44.2
2024-11-17 13:13:36,
2024-11-17 13:13:36,
2024-11-17 13:14:07,
2024-11-17 13:14:31,
2024-11-17 13:15:02,
2024-11-17 13:15:12,
2024-11-17 13:15:30,
2024-11-17 13:15:42,
2024-11-17 13:15:49,
2024-11-17 13:16:42,
2024-11-17 13:16:52,
2024-11-17 13:17:40,44.2
2024-11-17 13:18:36,
2024-11-17 13:18:36,
2024-11-17 13:19:07,
2024-11-17 13:19:31,
2024-11-17 13:20:02,
2024-11-17 13:20:12,
2024-11-17 13:20:13,
2024-11-17 13:20:30,
2024-11-17 13:20:42,
2024-11-17 13:20:48,
2024-11-17 13:21:42,
2024-11-17 13:21:52,
2024-11-17 13:22:40,44.2
2024-11-17 13:23:36,
2024-11-17 13:23:36,
2024-11-17 13:24:07,
2024-11-17 13:24:31,
2024-11-17 13:25:02,
2024-11-17 13:25:12,
2024-11-17 13:25:13,
2024-11-17 13:25:30,
2024-11-17 13:25:42,
2024-11-17 13:25:49,
2024-11-17 13:26:42,
2024-11-17 13:26:52,
2024-11-17 13:27:40,44.45
2024-11-17 13:28:36,
2024-11-17 13:28:36,
2024-11-17 13:29:07,
2024-11-17 13:29:31,
2024-11-17 13:30:02,
2024-11-17 13:30:12,
2024-11-17 13:30:13,
2024-11-17 13:30:30,
2024-11-17 13:30:42,
2024-11-17 13:30:49,
2024-11-17 13:31:42,
2024-11-17 13:31:52,
2024-11-17 13:32:40,44.45
2024-11-17 13:33:36,
2024-11-17 13:33:36,
2024-11-17 13:34:07,
2024-11-17 13:34:31,
2024-11-17 13:35:02,
2024-11-17 13:35:12,
2024-11-17 13:35:13,
2024-11-17 13:35:30,
2024-11-17 13:35:42,
2024-11-17 13:35:49,
2024-11-17 13:36:42,
2024-11-17 13:36:52,
2024-11-17 13:37:40,44.7
2024-11-17 13:38:36,
2024-11-17 13:38:36,
2024-11-17 13:39:07,
2024-11-17 13:39:31,
2024-11-17 13:40:02,
2024-11-17 13:40:12,
2024-11-17 13:40:13,
2024-11-17 13:40:30,
2024-11-17 13:40:42,
2024-11-17 13:40:56,
2024-11-17 13:41:42,
2024-11-17 13:41:52,
2024-11-17 13:42:40,44.96
2024-11-17 13:43:36,
2024-11-17 13:43:36,
2024-11-17 13:44:07,
2024-11-17 13:44:31,
2024-11-17 13:45:02,
2024-11-17 13:45:12,
2024-11-17 13:45:13,
2024-11-17 13:45:30,
2024-11-17 13:45:42,
2024-11-17 13:45:49,
2024-11-17 13:46:42,
2024-11-17 13:46:52,
2024-11-17 13:47:40,44.96
2024-11-17 13:48:36,
2024-11-17 13:48:36,
2024-11-17 13:49:07,
2024-11-17 13:49:31,
2024-11-17 13:50:02,
2024-11-17 13:50:12,
2024-11-17 13:50:13,
2024-11-17 13:50:30,
2024-11-17 13:50:42,
2024-11-17 13:50:49,
2024-11-17 13:51:42,
2024-11-17 13:51:52,
2024-11-17 13:52:40,45.47
2024-11-17 13:53:36,
2024-11-17 13:53:36,
2024-11-17 13:54:07,
2024-11-17 13:54:31,
2024-11-17 13:55:02,
2024-11-17 13:55:12,
2024-11-17 13:55:13,
2024-11-17 13:55:30,
2024-11-17 13:55:42,
2024-11-17 13:56:42,
2024-11-17 13:56:52,
2024-11-17 13:57:40,45.97
2024-11-17 13:58:36,
2024-11-17 13:58:36,
2024-11-17 13:59:07,
2024-11-17 13:59:31,
2024-11-17 14:00:03,
2024-11-17 14:00:12,
2024-11-17 14:00:13,
2024-11-17 14:00:30,
2024-11-17 14:00:42,
2024-11-17 14:01:42,
2024-11-17 14:01:52,
2024-11-17 14:02:40,45.97
2024-11-17 14:03:36,
2024-11-17 14:03:36,
2024-11-17 14:04:07,
2024-11-17 14:04:31,
2024-11-17 14:05:03,
2024-11-17 14:05:12,
2024-11-17 14:05:13,
2024-11-17 14:05:30,
2024-11-17 14:05:42,
2024-11-17 14:05:50,
2024-11-17 14:06:42,
2024-11-17 14:06:52,
2024-11-17 14:07:40,46.23
2024-11-17 14:08:36,
2024-11-17 14:08:36,
2024-11-17 14:09:07,
2024-11-17 14:09:31,
2024-11-17 14:10:03,
2024-11-17 14:10:12,
2024-11-17 14:10:13,
2024-11-17 14:10:30,
2024-11-17 14:10:42,
2024-11-17 14:10:49,
2024-11-17 14:11:42,
2024-11-17 14:11:52,
2024-11-17 14:12:40,46.23
2024-11-17 14:13:36,
2024-11-17 14:14:07,
2024-11-17 14:14:31,
2024-11-17 14:15:03,
2024-11-17 14:15:12,
2024-11-17 14:15:13,
2024-11-17 14:15:30,
2024-11-17 14:15:42,
2024-11-17 14:15:50,
2024-11-17 14:16:42,
2024-11-17 14:16:52,
2024-11-17 14:17:40,46.23
2024-11-17 14:18:36,
2024-11-17 14:19:07,
2024-11-17 14:19:31,
2024-11-17 14:20:03,
2024-11-17 14:20:12,
2024-11-17 14:20:13,
2024-11-17 14:20:30,
2024-11-17 14:20:43,
2024-11-17 14:20:50,
2024-11-17 14:21:42,
2024-11-17 14:21:52,
2024-11-17 14:22:40,46.23
2024-11-17 14:23:36,
2024-11-17 14:24:07,
2024-11-17 14:24:31,
2024-11-17 14:25:03,
2024-11-17 14:25:12,
2024-11-17 14:25:13,
2024-11-17 14:25:30,
2024-11-17 14:25:43,
2024-11-17 14:25:50,
2024-11-17 14:26:42,
2024-11-17 14:26:52,
2024-11-17 14:27:40,46.23
2024-11-17 14:28:36,
2024-11-17 14:28:36,
2024-11-17 14:29:07,
2024-11-17 14:29:31,
2024-11-17 14:30:03,
2024-11-17 14:30:12,
2024-11-17 14:30:13,
2024-11-17 14:30:14,
2024-11-17 14:30:30,
2024-11-17 14:30:43,
2024-11-17 14:30:50,
2024-11-17 14:31:42,
2024-11-17 14:31:52,
2024-11-17 14:32:40,46.23
2024-11-17 14:33:36,
2024-11-17 14:33:36,
2024-11-17 14:34:07,
2024-11-17 14:34:31,
2024-11-17 14:35:03,
2024-11-17 14:35:13,
2024-11-17 14:35:14,
2024-11-17 14:35:30,
2024-11-17 14:35:43,
2024-11-17 14:35:50,
2024-11-17 14:36:42,
2024-11-17 14:36:52,
2024-11-17 14:37:40,46.23
2024-11-17 14:38:36,
2024-11-17 14:39:07,
2024-11-17 14:39:31,
2024-11-17 14:40:03,
2024-11-17 14:40:13,
2024-11-17 14:40:14,
2024-11-17 14:40:30,
2024-11-17 14:40:43,
2024-11-17 14:40:50,
2024-11-17 14:41:42,
2024-11-17 14:41:52,
2024-11-17 14:42:40,46.23
2024-11-17 14:43:36,
2024-11-17 14:43:36,
2024-11-17 14:44:07,
2024-11-17 14:44:31,
2024-11-17 14:45:03,
2024-11-17 14:45:13,
2024-11-17 14:45:14,
2024-11-17 14:45:30,
2024-11-17 14:45:43,
2024-11-17 14:45:50,
2024-11-17 14:46:42,
2024-11-17 14:46:52,
2024-11-17 14:47:40,46.48
2024-11-17 14:48:36,
2024-11-17 14:48:36,
2024-11-17 14:49:07,
2024-11-17 14:49:31,
2024-11-17 14:50:03,
2024-11-17 14:50:13,
2024-11-17 14:50:14,
2024-11-17 14:50:30,
2024-11-17 14:50:43,
2024-11-17 14:50:50,
2024-11-17 14:51:44,
2024-11-17 14:51:52,
2024-11-17 14:52:40,46.48
2024-11-17 14:53:36,
2024-11-17 14:53:36,
2024-11-17 14:54:07,
2024-11-17 14:54:31,
2024-11-17 14:55:03,
2024-11-17 14:55:13,
2024-11-17 14:55:14,
2024-11-17 14:55:30,
2024-11-17 14:55:43,
2024-11-17 14:55:50,
2024-11-17 14:56:44,
2024-11-17 14:56:52,
2024-11-17 14:57:40,46.74
2024-11-17 14:58:36,
2024-11-17 14:58:36,
2024-11-17 14:59:07,
2024-11-17 14:59:31,
2024-11-17 15:00:03,
2024-11-17 15:00:13,
2024-11-17 15:00:14,
2024-11-17 15:00:30,
2024-11-17 15:00:43,
2024-11-17 15:00:50,
2024-11-17 15:01:44,
2024-11-17 15:01:52,
2024-11-17 15:02:40,46.74
2024-11-17 15:03:36,
2024-11-17 15:03:36,
2024-11-17 15:04:07,
2024-11-17 15:04:31,
2024-11-17 15:05:03,
2024-11-17 15:05:13,
2024-11-17 15:05:14,
2024-11-17 15:05:30,
2024-11-17 15:05:43,
2024-11-17 15:05:50,
2024-11-17 15:06:44,
2024-11-17 15:06:52,
2024-11-17 15:07:40,47.24
2024-11-17 15:08:36,
2024-11-17 15:08:36,
2024-11-17 15:09:07,
2024-11-17 15:09:31,
2024-11-17 15:10:03,
2024-11-17 15:10:13,
2024-11-17 15:10:14,
2024-11-17 15:10:30,
2024-11-17 15:10:43,
2024-11-17 15:10:50,
2024-11-17 15:11:44,
2024-11-17 15:11:52,
2024-11-17 15:12:40,47.24
2024-11-17 15:13:36,
2024-11-17 15:13:36,
2024-11-17 15:14:07,
2024-11-17 15:14:31,
2024-11-17 15:15:03,
2024-11-17 15:15:13,
2024-11-17 15:15:14,
2024-11-17 15:15:30,
2024-11-17 15:15:43,
2024-11-17 15:15:50,
2024-11-17 15:16:44,
2024-11-17 15:16:52,
2024-11-17 15:17:40,47.5
2024-11-17 15:18:36,
2024-11-17 15:18:36,
2024-11-17 15:19:07,
2024-11-17 15:19:31,
2024-11-17 15:20:04,
2024-11-17 15:20:13,
2024-11-17 15:20:14,
2024-11-17 15:20:30,
2024-11-17 15:20:43,
2024-11-17 15:20:50,
2024-11-17 15:21:44,
2024-11-17 15:21:52,
2024-11-17 15:22:40,47.5
2024-11-17 15:23:36,
2024-11-17 15:23:36,
2024-11-17 15:24:07,
2024-11-17 15:24:31,
2024-11-17 15:25:04,
2024-11-17 15:25:13,
2024-11-17 15:25:14,
2024-11-17 15:25:30,
2024-11-17 15:25:43,
2024-11-17 15:25:50,
2024-11-17 15:26:44,
2024-11-17 15:26:52,
2024-11-17 15:27:40,47.5
2024-11-17 15:28:36,
2024-11-17 15:28:36,
2024-11-17 15:29:07,
2024-11-17 15:29:31,
2024-11-17 15:30:04,
2024-11-17 15:30:13,
2024-11-17 15:30:14,
2024-11-17 15:30:30,
2024-11-17 15:30:43,
2024-11-17 15:30:51,
2024-11-17 15:31:44,
2024-11-17 15:31:52,
2024-11-17 15:32:40,47.5
2024-11-17 15:33:36,
2024-11-17 15:33:36,
2024-11-17 15:34:07,
2024-11-17 15:34:31,
2024-11-17 15:35:04,
2024-11-17 15:35:13,
2024-11-17 15:35:14,
2024-11-17 15:35:30,
2024-11-17 15:35:43,
2024-11-17 15:35:50,
2024-11-17 15:36:44,
2024-11-17 15:36:52,
2024-11-17 15:37:40,47.5
2024-11-17 15:38:36,
2024-11-17 15:38:36,
2024-11-17 15:39:07,
2024-11-17 15:39:31,
2024-11-17 15:40:04,
2024-11-17 15:40:13,
2024-11-17 15:40:14,
2024-11-17 15:40:15,
2024-11-17 15:40:30,
2024-11-17 15:40:43,
2024-11-17 15:41:44,
2024-11-17 15:41:52,
2024-11-17 15:42:40,47.75
2024-11-17 15:43:36,
2024-11-17 15:43:36,
2024-11-17 15:44:07,
2024-11-17 15:44:31,
2024-11-17 15:45:04,
2024-11-17 15:45:13,
2024-11-17 15:45:14,
2024-11-17 15:45:15,
2024-11-17 15:45:31,
2024-11-17 15:45:43,
2024-11-17 15:45:51,
2024-11-17 15:46:44,
2024-11-17 15:46:52,
2024-11-17 15:47:40,47.75
2024-11-17 15:48:36,
2024-11-17 15:48:36,
2024-11-17 15:49:07,
2024-11-17 15:49:31,
2024-11-17 15:50:04,
2024-11-17 15:50:14,
2024-11-17 15:50:15,
2024-11-17 15:50:31,
2024-11-17 15:50:43,
2024-11-17 15:51:44,
2024-11-17 15:51:52,
2024-11-17 15:52:40,47.75
2024-11-17 15:53:36,
2024-11-17 15:53:36,
2024-11-17 15:54:07,
2024-11-17 15:54:31,
2024-11-17 15:55:04,
2024-11-17 15:55:14,
2024-11-17 15:55:15,
2024-11-17 15:55:31,
2024-11-17 15:55:43,
2024-11-17 15:56:44,
2024-11-17 15:56:52,
2024-11-17 15:57:40,48.01
2024-11-17 15:58:36,
2024-11-17 15:58:36,
2024-11-17 15:59:07,
2024-11-17 15:59:31,
2024-11-17 16:00:04,
2024-11-17 16:00:14,
2024-11-17 16:00:15,
2024-11-17 16:00:31,
2024-11-17 16:00:43,
2024-11-17 16:00:51,
2024-11-17 16:01:44,
2024-11-17 16:01:52,
2024-11-17 16:02:40,48.01
2024-11-17 16:03:36,
2024-11-17 16:03:36,
2024-11-17 16:04:07,
2024-11-17 16:04:31,
2024-11-17 16:05:04,
2024-11-17 16:05:14,
2024-11-17 16:05:15,
2024-11-17 16:05:31,
2024-11-17 16:05:43,
2024-11-17 16:06:44,
2024-11-17 16:06:52,
2024-11-17 16:07:40,48.01
2024-11-17 16:08:36,
2024-11-17 16:08:36,
2024-11-17 16:09:07,
2024-11-17 16:09:31,
2024-11-17 16:10:04,
2024-11-17 16:10:14,
2024-11-17 16:10:15,
2024-11-17 16:10:31,
2024-11-17 16:10:43,
2024-11-17 16:11:44,
2024-11-17 16:11:53,
2024-11-17 16:12:40,48.01
2024-11-17 16:13:36,
2024-11-17 16:13:36,
2024-11-17 16:14:07,
2024-11-17 16:14:31,
2024-11-17 16:15:04,
2024-11-17 16:15:14,
2024-11-17 16:15:15,
2024-11-17 16:15:31,
2024-11-17 16:15:43,
2024-11-17 16:16:44,
2024-11-17 16:16:53,
2024-11-17 16:17:40,48.01
2024-11-17 16:18:36,
2024-11-17 16:18:36,
2024-11-17 16:19:07,
2024-11-17 16:19:31,
2024-11-17 16:20:04,
2024-11-17 16:20:14,
2024-11-17 16:20:15,
2024-11-17 16:20:31,
2024-11-17 16:20:43,
2024-11-17 16:20:51,
2024-11-17 16:21:44,
2024-11-17 16:21:53,
2024-11-17 16:22:40,48.26
2024-11-17 16:23:36,
2024-11-17 16:23:36,
2024-11-17 16:24:07,
2024-11-17 16:24:31,
2024-11-17 16:25:05,
2024-11-17 16:25:14,
2024-11-17 16:25:15,
2024-11-17 16:25:31,
2024-11-17 16:25:43,
2024-11-17 16:26:44,
2024-11-17 16:26:53,
2024-11-17 16:27:40,48.26
2024-11-17 16:28:36,
2024-11-17 16:28:36,
2024-11-17 16:29:07,
2024-11-17 16:29:31,
2024-11-17 16:30:05,
2024-11-17 16:30:14,
2024-11-17 16:30:15,
2024-11-17 16:30:31,
2024-11-17 16:30:43,
2024-11-17 16:31:45,
2024-11-17 16:31:53,
2024-11-17 16:32:40,48.26
2024-11-17 16:33:36,
2024-11-17 16:33:36,
2024-11-17 16:34:08,
2024-11-17 16:34:31,
2024-11-17 16:35:05,
2024-11-17 16:35:14,
2024-11-17 16:35:15,
2024-11-17 16:35:31,
2024-11-17 16:35:43,
2024-11-17 16:36:45,
2024-11-17 16:36:53,
2024-11-17 16:37:40,48.26
2024-11-17 16:38:36,
2024-11-17 16:38:36,
2024-11-17 16:39:08,
2024-11-17 16:39:31,
2024-11-17 16:40:05,
2024-11-17 16:40:14,
2024-11-17 16:40:15,
2024-11-17 16:40:31,
2024-11-17 16:40:43,
2024-11-17 16:41:45,
2024-11-17 16:41:53,
2024-11-17 16:42:40,48.26
2024-11-17 16:43:36,
2024-11-17 16:43:36,
2024-11-17 16:44:08,
2024-11-17 16:44:31,
2024-11-17 16:45:05,
2024-11-17 16:45:14,
2024-11-17 16:45:15,
2024-11-17 16:45:31,
2024-11-17 16:45:43,
2024-11-17 16:46:45,
2024-11-17 16:46:53,
2024-11-17 16:47:40,48.51
2024-11-17 16:48:36,
2024-11-17 16:48:36,
2024-11-17 16:49:08,
2024-11-17 16:49:31,
2024-11-17 16:50:05,
2024-11-17 16:50:14,
2024-11-17 16:50:15,
2024-11-17 16:50:31,
2024-11-17 16:50:43,
2024-11-17 16:51:45,
2024-11-17 16:51:53,
2024-11-17 16:52:40,48.51
2024-11-17 16:53:36,
2024-11-17 16:53:36,
2024-11-17 16:54:08,
2024-11-17 16:54:31,
2024-11-17 16:55:05,
2024-11-17 16:55:14,
2024-11-17 16:55:15,
2024-11-17 16:55:31,
2024-11-17 16:55:43,
2024-11-17 16:56:45,
2024-11-17 16:56:53,
2024-11-17 16:57:40,48.51
2024-11-17 16:58:36,
2024-11-17 16:58:36,
2024-11-17 16:59:08,
2024-11-17 16:59:31,
2024-11-17 17:00:05,
2024-11-17 17:00:14,
2024-11-17 17:00:15,
2024-11-17 17:00:16,
2024-11-17 17:00:31,
2024-11-17 17:00:43,
2024-11-17 17:01:45,
2024-11-17 17:01:53,
2024-11-17 17:02:40,48.77
2024-11-17 17:03:36,
2024-11-17 17:03:36,
2024-11-17 17:04:08,
2024-11-17 17:04:31,
2024-11-17 17:05:05,
2024-11-17 17:05:15,
2024-11-17 17:05:16,
2024-11-17 17:05:31,
2024-11-17 17:05:43,
2024-11-17 17:05:52,
2024-11-17 17:06:45,
2024-11-17 17:06:53,
2024-11-17 17:07:40,48.77
2024-11-17 17:08:36,
2024-11-17 17:08:36,
2024-11-17 17:09:08,
2024-11-17 17:09:31,
2024-11-17 17:10:05,
2024-11-17 17:10:15,
2024-11-17 17:10:16,
2024-11-17 17:10:31,
2024-11-17 17:10:43,
2024-11-17 17:11:45,
2024-11-17 17:11:53,
2024-11-17 17:12:40,48.77
2024-11-17 17:13:36,
2024-11-17 17:13:36,
2024-11-17 17:14:08,
2024-11-17 17:14:31,
2024-11-17 17:15:05,
2024-11-17 17:15:15,
2024-11-17 17:15:16,
2024-11-17 17:15:31,
2024-11-17 17:15:43,
2024-11-17 17:15:52,
2024-11-17 17:16:45,
2024-11-17 17:16:53,
2024-11-17 17:17:40,48.77
2024-11-17 17:18:36,
2024-11-17 17:19:08,
2024-11-17 17:19:31,
2024-11-17 17:20:05,
2024-11-17 17:20:15,
2024-11-17 17:20:16,
2024-11-17 17:20:31,
2024-11-17 17:20:43,
2024-11-17 17:20:53,
2024-11-17 17:21:47,
2024-11-17 17:21:53,
2024-11-17 17:22:40,48.77
2024-11-17 17:23:36,
2024-11-17 17:23:36,
2024-11-17 17:24:08,
2024-11-17 17:24:31,
2024-11-17 17:25:05,
2024-11-17 17:25:15,
2024-11-17 17:25:16,
2024-11-17 17:25:31,
2024-11-17 17:25:43,
2024-11-17 17:25:52,
2024-11-17 17:26:47,
2024-11-17 17:26:53,
2024-11-17 17:27:40,48.77
2024-11-17 17:28:36,
2024-11-17 17:28:36,
2024-11-17 17:29:08,
2024-11-17 17:29:31,
2024-11-17 17:30:05,
2024-11-17 17:30:15,
2024-11-17 17:30:16,
2024-11-17 17:30:31,
2024-11-17 17:30:43,
2024-11-17 17:31:47,
2024-11-17 17:31:53,
2024-11-17 17:32:40,48.77
2024-11-17 17:33:36,
2024-11-17 17:33:36,
2024-11-17 17:34:08,
2024-11-17 17:34:31,
2024-11-17 17:35:06,
2024-11-17 17:35:15,
2024-11-17 17:35:16,
2024-11-17 17:35:31,
2024-11-17 17:35:43,
2024-11-17 17:35:57,
2024-11-17 17:36:47,
2024-11-17 17:36:53,
2024-11-17 17:37:40,48.77
2024-11-17 17:38:36,
2024-11-17 17:38:36,
2024-11-17 17:39:08,
2024-11-17 17:39:31,
2024-11-17 17:40:06,
2024-11-17 17:40:15,
2024-11-17 17:40:16,
2024-11-17 17:40:31,
2024-11-17 17:40:43,
2024-11-17 17:40:57,
2024-11-17 17:41:47,
2024-11-17 17:41:53,
2024-11-17 17:42:40,48.77
2024-11-17 17:43:36,
2024-11-17 17:43:36,
2024-11-17 17:44:08,
2024-11-17 17:44:31,
2024-11-17 17:45:06,
2024-11-17 17:45:15,
2024-11-17 17:45:16,
2024-11-17 17:45:31,
2024-11-17 17:45:43,
2024-11-17 17:45:52,
2024-11-17 17:46:47,
2024-11-17 17:46:53,
2024-11-17 17:47:40,48.77
2024-11-17 17:48:36,
2024-11-17 17:48:36,
2024-11-17 17:49:08,
2024-11-17 17:49:31,
2024-11-17 17:50:06,
2024-11-17 17:50:15,
2024-11-17 17:50:16,
2024-11-17 17:50:31,
2024-11-17 17:50:43,
2024-11-17 17:50:53,
2024-11-17 17:51:47,
2024-11-17 17:51:53,
2024-11-17 17:52:40,48.77
2024-11-17 17:53:36,
2024-11-17 17:54:08,
2024-11-17 17:54:31,
2024-11-17 17:55:06,
2024-11-17 17:55:15,
2024-11-17 17:55:16,
2024-11-17 17:55:31,
2024-11-17 17:55:43,
2024-11-17 17:55:52,
2024-11-17 17:56:47,
2024-11-17 17:56:53,
2024-11-17 17:57:40,48.77
2024-11-17 17:58:36,
2024-11-17 17:58:36,
2024-11-17 17:59:08,
2024-11-17 17:59:31,
2024-11-17 18:00:06,
2024-11-17 18:00:15,
2024-11-17 18:00:16,
2024-11-17 18:00:31,
2024-11-17 18:00:43,
2024-11-17 18:00:53,
2024-11-17 18:01:47,
2024-11-17 18:01:53,
2024-11-17 18:02:40,48.77
2024-11-17 18:03:36,
2024-11-17 18:03:42,
2024-11-17 18:04:08,
2024-11-17 18:04:31,
2024-11-17 18:05:06,
2024-11-17 18:05:15,
2024-11-17 18:05:16,
2024-11-17 18:05:31,
2024-11-17 18:05:43,
2024-11-17 18:05:53,
2024-11-17 18:06:47,
2024-11-17 18:06:53,
2024-11-17 18:07:40,48.77
2024-11-17 18:08:36,
2024-11-17 18:08:42,
2024-11-17 18:09:08,
2024-11-17 18:09:31,
2024-11-17 18:10:06,
2024-11-17 18:10:15,
2024-11-17 18:10:16,
2024-11-17 18:10:17,
2024-11-17 18:10:31,
2024-11-17 18:10:43,
2024-11-17 18:10:53,
2024-11-17 18:11:47,
2024-11-17 18:11:53,
2024-11-17 18:12:40,48.77
2024-11-17 18:13:36,
2024-11-17 18:13:42,
2024-11-17 18:14:08,
2024-11-17 18:14:33,
2024-11-17 18:15:06,
2024-11-17 18:15:15,
2024-11-17 18:15:17,
2024-11-17 18:15:33,
2024-11-17 18:15:43,
2024-11-17 18:15:53,
2024-11-17 18:16:47,
2024-11-17 18:16:53,
2024-11-17 18:17:40,48.77
2024-11-17 18:18:37,
2024-11-17 18:18:42,
2024-11-17 18:19:08,
2024-11-17 18:19:33,
2024-11-17 18:20:06,
2024-11-17 18:20:16,
2024-11-17 18:20:17,
2024-11-17 18:20:33,
2024-11-17 18:20:43,
2024-11-17 18:20:53,
2024-11-17 18:21:47,
2024-11-17 18:21:53,
2024-11-17 18:22:40,48.77
2024-11-17 18:23:37,
2024-11-17 18:23:42,
2024-11-17 18:24:08,
2024-11-17 18:24:33,
2024-11-17 18:25:06,
2024-11-17 18:25:16,
2024-11-17 18:25:17,
2024-11-17 18:25:33,
2024-11-17 18:25:44,
2024-11-17 18:26:47,
2024-11-17 18:26:53,
2024-11-17 18:27:40,48.77
2024-11-17 18:28:37,
2024-11-17 18:28:42,
2024-11-17 18:29:08,
2024-11-17 18:29:33,
2024-11-17 18:30:06,
2024-11-17 18:30:16,
2024-11-17 18:30:17,
2024-11-17 18:30:33,
2024-11-17 18:30:44,
2024-11-17 18:30:53,
2024-11-17 18:31:47,
2024-11-17 18:31:53,
2024-11-17 18:32:40,48.77
2024-11-17 18:33:37,
2024-11-17 18:33:42,
2024-11-17 18:34:08,
2024-11-17 18:34:33,
2024-11-17 18:35:06,
2024-11-17 18:35:16,
2024-11-17 18:35:17,
2024-11-17 18:35:33,
2024-11-17 18:35:44,
2024-11-17 18:35:53,
2024-11-17 18:36:47,
2024-11-17 18:36:53,
2024-11-17 18:37:41,48.77
2024-11-17 18:38:37,
2024-11-17 18:38:42,
2024-11-17 18:39:08,
2024-11-17 18:39:33,
2024-11-17 18:40:06,
2024-11-17 18:40:16,
2024-11-17 18:40:17,
2024-11-17 18:40:33,
2024-11-17 18:40:44,
2024-11-17 18:40:53,
2024-11-17 18:41:47,
2024-11-17 18:41:53,
2024-11-17 18:42:41,48.77
2024-11-17 18:43:37,
2024-11-17 18:43:42,
2024-11-17 18:44:08,
2024-11-17 18:44:33,
2024-11-17 18:45:06,
2024-11-17 18:45:16,
2024-11-17 18:45:17,
2024-11-17 18:45:33,
2024-11-17 18:45:44,
2024-11-17 18:45:54,
2024-11-17 18:46:47,
2024-11-17 18:46:53,
2024-11-17 18:47:41,48.77
2024-11-17 18:48:37,
2024-11-17 18:48:42,
2024-11-17 18:49:08,
2024-11-17 18:49:33,
2024-11-17 18:50:07,
2024-11-17 18:50:16,
2024-11-17 18:50:17,
2024-11-17 18:50:33,
2024-11-17 18:50:44,
2024-11-17 18:50:53,
2024-11-17 18:51:47,
2024-11-17 18:51:53,
2024-11-17 18:52:41,48.77
2024-11-17 18:53:37,
2024-11-17 18:53:42,
2024-11-17 18:54:08,
2024-11-17 18:54:33,
2024-11-17 18:55:07,
2024-11-17 18:55:16,
2024-11-17 18:55:17,
2024-11-17 18:55:33,
2024-11-17 18:55:44,
2024-11-17 18:55:54,
2024-11-17 18:56:47,
2024-11-17 18:56:53,
2024-11-17 18:57:41,48.77
2024-11-17 18:58:37,
2024-11-17 18:58:42,
2024-11-17 18:59:08,
2024-11-17 18:59:33,
2024-11-17 19:00:07,
2024-11-17 19:00:16,
2024-11-17 19:00:17,
2024-11-17 19:00:33,
2024-11-17 19:00:44,
2024-11-17 19:00:53,
2024-11-17 19:01:47,
2024-11-17 19:01:53,
2024-11-17 19:02:41,48.77
2024-11-17 19:03:37,
2024-11-17 19:03:42,
2024-11-17 19:04:08,
2024-11-17 19:04:33,
2024-11-17 19:05:07,
2024-11-17 19:05:16,
2024-11-17 19:05:17,
2024-11-17 19:05:33,
2024-11-17 19:05:44,
2024-11-17 19:05:56,
2024-11-17 19:06:47,
2024-11-17 19:06:53,
2024-11-17 19:07:41,48.77
2024-11-17 19:08:37,
2024-11-17 19:08:42,
2024-11-17 19:09:08,
2024-11-17 19:09:33,
2024-11-17 19:10:07,
2024-11-17 19:10:16,
2024-11-17 19:10:17,
2024-11-17 19:10:33,
2024-11-17 19:10:44,
2024-11-17 19:10:53,
2024-11-17 19:11:47,
2024-11-17 19:11:53,
2024-11-17 19:12:41,48.77
2024-11-17 19:13:37,
2024-11-17 19:13:42,
2024-11-17 19:14:08,
2024-11-17 19:14:33,
2024-11-17 19:15:07,
2024-11-17 19:15:16,
2024-11-17 19:15:17,
2024-11-17 19:15:33,
2024-11-17 19:15:44,
2024-11-17 19:15:54,
2024-11-17 19:16:47,
2024-11-17 19:16:53,
2024-11-17 19:17:41,48.77
2024-11-17 19:18:37,
2024-11-17 19:18:42,
2024-11-17 19:19:08,
2024-11-17 19:19:33,
2024-11-17 19:20:07,
2024-11-17 19:20:16,
2024-11-17 19:20:17,
2024-11-17 19:20:33,
2024-11-17 19:20:44,
2024-11-17 19:20:54,
2024-11-17 19:21:47,
2024-11-17 19:21:53,
2024-11-17 19:22:41,48.77
2024-11-17 19:23:37,
2024-11-17 19:23:43,
2024-11-17 19:24:08,
2024-11-17 19:24:33,
2024-11-17 19:25:07,
2024-11-17 19:25:16,
2024-11-17 19:25:17,
2024-11-17 19:25:18,
2024-11-17 19:25:33,
2024-11-17 19:25:44,
2024-11-17 19:25:54,
2024-11-17 19:26:47,
2024-11-17 19:26:53,
2024-11-17 19:27:41,48.77
2024-11-17 19:28:37,
2024-11-17 19:28:43,
2024-11-17 19:29:08,
2024-11-17 19:29:33,
2024-11-17 19:30:07,
2024-11-17 19:30:16,
2024-11-17 19:30:18,
2024-11-17 19:30:33,
2024-11-17 19:30:44,
2024-11-17 19:30:54,
2024-11-17 19:31:47,
2024-11-17 19:31:53,
2024-11-17 19:32:41,48.77
2024-11-17 19:33:37,
2024-11-17 19:33:43,
2024-11-17 19:34:08,
2024-11-17 19:34:33,
2024-11-17 19:35:07,
2024-11-17 19:35:16,
2024-11-17 19:35:18,
2024-11-17 19:35:33,
2024-11-17 19:35:44,
2024-11-17 19:35:56,
2024-11-17 19:36:47,
2024-11-17 19:36:53,
2024-11-17 19:37:41,48.77
2024-11-17 19:38:37,
2024-11-17 19:38:43,
2024-11-17 19:39:08,
2024-11-17 19:39:33,
2024-11-17 19:40:07,
2024-11-17 19:40:16,
2024-11-17 19:40:18,
2024-11-17 19:40:33,
2024-11-17 19:40:44,
2024-11-17 19:40:54,
2024-11-17 19:41:47,
2024-11-17 19:41:53,
2024-11-17 19:42:41,48.77
2024-11-17 19:43:37,
2024-11-17 19:43:43,
2024-11-17 19:44:08,
2024-11-17 19:44:33,
2024-11-17 19:45:07,
2024-11-17 19:45:17,
2024-11-17 19:45:18,
2024-11-17 19:45:33,
2024-11-17 19:45:44,
2024-11-17 19:45:54,
2024-11-17 19:46:47,
2024-11-17 19:46:53,
2024-11-17 19:47:41,48.77
2024-11-17 19:48:37,
2024-11-17 19:48:43,
2024-11-17 19:49:08,
2024-11-17 19:49:33,
2024-11-17 19:50:07,
2024-11-17 19:50:17,
2024-11-17 19:50:18,
2024-11-17 19:50:33,
2024-11-17 19:50:44,
2024-11-17 19:50:54,
2024-11-17 19:51:47,
2024-11-17 19:51:53,
2024-11-17 19:52:41,48.77
2024-11-17 19:53:37,
2024-11-17 19:53:43,
2024-11-17 19:54:08,
2024-11-17 19:54:33,
2024-11-17 19:55:07,
2024-11-17 19:55:18,
2024-11-17 19:55:33,
2024-11-17 19:55:44,
2024-11-17 19:55:54,
2024-11-17 19:56:47,
2024-11-17 19:56:53,
2024-11-17 19:57:41,48.77
2024-11-17 19:58:37,
2024-11-17 19:58:43,
2024-11-17 19:59:09,
2024-11-17 19:59:33,
2024-11-17 20:00:07,
2024-11-17 20:00:18,
2024-11-17 20:00:33,
2024-11-17 20:00:44,
2024-11-17 20:00:54,
2024-11-17 20:01:47,
2024-11-17 20:01:53,
2024-11-17 20:02:41,48.77
2024-11-17 20:03:37,
2024-11-17 20:03:43,
2024-11-17 20:04:09,
2024-11-17 20:04:33,
2024-11-17 20:05:07,
2024-11-17 20:05:18,
2024-11-17 20:05:33,
2024-11-17 20:05:44,
2024-11-17 20:05:55,
2024-11-17 20:06:47,
2024-11-17 20:06:53,
2024-11-17 20:07:41,48.77
2024-11-17 20:08:37,
2024-11-17 20:08:44,
2024-11-17 20:09:09,
2024-11-17 20:09:33,
2024-11-17 20:10:07,
2024-11-17 20:10:18,
2024-11-17 20:10:33,
2024-11-17 20:10:44,
2024-11-17 20:10:55,
2024-11-17 20:11:47,
2024-11-17 20:11:53,
2024-11-17 20:12:41,48.77
2024-11-17 20:13:37,
2024-11-17 20:13:44,
2024-11-17 20:14:09,
2024-11-17 20:14:33,
2024-11-17 20:15:08,
2024-11-17 20:15:18,
2024-11-17 20:15:19,
2024-11-17 20:15:33,
2024-11-17 20:15:44,
2024-11-17 20:15:55,
2024-11-17 20:16:47,
2024-11-17 20:16:53,
2024-11-17 20:17:41,48.77
2024-11-17 20:18:37,
2024-11-17 20:18:44,
2024-11-17 20:19:09,
2024-11-17 20:19:33,
2024-11-17 20:20:08,
2024-11-17 20:20:18,
2024-11-17 20:20:19,
2024-11-17 20:20:33,
2024-11-17 20:20:44,
2024-11-17 20:20:54,
2024-11-17 20:21:47,
2024-11-17 20:21:53,
2024-11-17 20:22:41,48.77
2024-11-17 20:23:37,
2024-11-17 20:23:44,
2024-11-17 20:24:09,
2024-11-17 20:24:33,
2024-11-17 20:25:08,
2024-11-17 20:25:18,
2024-11-17 20:25:19,
2024-11-17 20:25:33,
2024-11-17 20:25:44,
2024-11-17 20:25:55,
2024-11-17 20:26:47,
2024-11-17 20:26:53,
2024-11-17 20:27:41,48.77
2024-11-17 20:28:37,
2024-11-17 20:28:44,
2024-11-17 20:29:09,
2024-11-17 20:29:33,
2024-11-17 20:30:08,
2024-11-17 20:30:18,
2024-11-17 20:30:19,
2024-11-17 20:30:33,
2024-11-17 20:30:44,
2024-11-17 20:30:55,
2024-11-17 20:31:47,
2024-11-17 20:31:53,
2024-11-17 20:32:41,48.77
2024-11-17 20:33:37,
2024-11-17 20:33:44,
2024-11-17 20:34:09,
2024-11-17 20:34:33,
2024-11-17 20:35:08,
2024-11-17 20:35:19,
2024-11-17 20:35:33,
2024-11-17 20:35:44,
2024-11-17 20:35:55,
2024-11-17 20:36:47,
2024-11-17 20:36:53,
2024-11-17 20:37:41,48.77
2024-11-17 20:38:37,
2024-11-17 20:38:44,
2024-11-17 20:39:09,
2024-11-17 20:39:33,
2024-11-17 20:40:08,
2024-11-17 20:40:19,
2024-11-17 20:40:33,
2024-11-17 20:40:44,
2024-11-17 20:40:55,
2024-11-17 20:41:47,
2024-11-17 20:41:54,
2024-11-17 20:42:41,48.77
2024-11-17 20:43:37,
2024-11-17 20:43:44,
2024-11-17 20:44:09,
2024-11-17 20:44:33,
2024-11-17 20:45:08,
2024-11-17 20:45:19,
2024-11-17 20:45:33,
2024-11-17 20:45:44,
2024-11-17 20:45:55,
2024-11-17 20:46:47,
2024-11-17 20:46:54,
2024-11-17 20:47:41,48.77
2024-11-17 20:48:37,
2024-11-17 20:48:44,
2024-11-17 20:49:09,
2024-11-17 20:49:33,
2024-11-17 20:50:08,
2024-11-17 20:50:19,
2024-11-17 20:50:33,
2024-11-17 20:50:44,
2024-11-17 20:50:55,
2024-11-17 20:51:48,
2024-11-17 20:51:54,
2024-11-17 20:52:41,48.77
2024-11-17 20:53:37,
2024-11-17 20:53:44,
2024-11-17 20:54:09,
2024-11-17 20:54:33,
2024-11-17 20:55:08,
2024-11-17 20:55:19,
2024-11-17 20:55:33,
2024-11-17 20:55:44,
2024-11-17 20:56:00,
2024-11-17 20:56:48,
2024-11-17 20:56:54,
2024-11-17 20:57:41,48.77
2024-11-17 20:58:37,
2024-11-17 20:58:44,
2024-11-17 20:59:09,
2024-11-17 20:59:33,
2024-11-17 21:00:08,
2024-11-17 21:00:19,
2024-11-17 21:00:33,
2024-11-17 21:00:44,
2024-11-17 21:01:00,
2024-11-17 21:01:48,
2024-11-17 21:01:54,
2024-11-17 21:02:41,48.77
2024-11-17 21:03:37,
2024-11-17 21:03:44,
2024-11-17 21:04:09,
2024-11-17 21:04:33,
2024-11-17 21:05:08,
2024-11-17 21:05:19,
2024-11-17 21:05:33,
2024-11-17 21:05:44,
2024-11-17 21:05:56,
2024-11-17 21:06:48,
2024-11-17 21:06:54,
2024-11-17 21:07:41,48.77
2024-11-17 21:08:37,
2024-11-17 21:08:44,
2024-11-17 21:09:09,
2024-11-17 21:09:33,
2024-11-17 21:10:08,
2024-11-17 21:10:19,
2024-11-17 21:10:33,
2024-11-17 21:10:44,
2024-11-17 21:10:55,
2024-11-17 21:11:48,
2024-11-17 21:11:54,
2024-11-17 21:12:41,48.77
2024-11-17 21:13:37,
2024-11-17 21:13:44,
2024-11-17 21:14:09,
2024-11-17 21:14:33,
2024-11-17 21:15:08,
2024-11-17 21:15:19,
2024-11-17 21:15:33,
2024-11-17 21:15:44,
2024-11-17 21:15:55,
2024-11-17 21:16:48,
2024-11-17 21:16:54,
2024-11-17 21:17:41,48.77
2024-11-17 21:18:37,
2024-11-17 21:18:44,
2024-11-17 21:19:09,
2024-11-17 21:19:33,
2024-11-17 21:20:08,
2024-11-17 21:20:19,
2024-11-17 21:20:20,
2024-11-17 21:20:33,
2024-11-17 21:20:44,
2024-11-17 21:20:56,
2024-11-17 21:21:48,
2024-11-17 21:21:54,
2024-11-17 21:22:41,48.77
2024-11-17 21:23:37,
2024-11-17 21:23:44,
2024-11-17 21:24:09,
2024-11-17 21:24:33,
2024-11-17 21:25:09,
2024-11-17 21:25:19,
2024-11-17 21:25:20,
2024-11-17 21:25:33,
2024-11-17 21:25:44,
2024-11-17 21:25:55,
2024-11-17 21:26:48,
2024-11-17 21:26:54,
2024-11-17 21:27:41,48.77
2024-11-17 21:28:37,
2024-11-17 21:28:44,
2024-11-17 21:29:09,
2024-11-17 21:29:33,
2024-11-17 21:30:09,
2024-11-17 21:30:19,
2024-11-17 21:30:20,
2024-11-17 21:30:33,
2024-11-17 21:30:44,
2024-11-17 21:30:56,
2024-11-17 21:31:48,
2024-11-17 21:31:54,
2024-11-17 21:32:41,48.77
2024-11-17 21:33:37,
2024-11-17 21:33:44,
2024-11-17 21:34:09,
2024-11-17 21:34:33,
2024-11-17 21:35:09,
2024-11-17 21:35:20,
2024-11-17 21:35:33,
2024-11-17 21:35:44,
2024-11-17 21:35:56,
2024-11-17 21:36:48,
2024-11-17 21:36:54,
2024-11-17 21:37:41,48.77
2024-11-17 21:38:37,
2024-11-17 21:38:40,
2024-11-17 21:38:44,
2024-11-17 21:39:09,
2024-11-17 21:39:33,
2024-11-17 21:40:09,
2024-11-17 21:40:20,
2024-11-17 21:40:33,
2024-11-17 21:40:44,
2024-11-17 21:40:56,
2024-11-17 21:41:48,
2024-11-17 21:41:54,
2024-11-17 21:42:41,48.77
2024-11-17 21:43:37,
2024-11-17 21:43:40,
2024-11-17 21:43:44,
2024-11-17 21:44:09,
2024-11-17 21:44:33,
2024-11-17 21:45:09,
2024-11-17 21:45:20,
2024-11-17 21:45:33,
2024-11-17 21:45:44,
2024-11-17 21:45:56,
2024-11-17 21:46:48,
2024-11-17 21:46:56,
2024-11-17 21:47:41,48.77
2024-11-17 21:48:37,
2024-11-17 21:48:40,
2024-11-17 21:48:44,
2024-11-17 21:49:09,
2024-11-17 21:49:33,
2024-11-17 21:50:09,
2024-11-17 21:50:20,
2024-11-17 21:50:33,
2024-11-17 21:50:44,
2024-11-17 21:50:56,
2024-11-17 21:51:48,
2024-11-17 21:51:56,
2024-11-17 21:52:41,48.77
2024-11-17 21:53:37,
2024-11-17 21:53:40,
2024-11-17 21:53:44,
2024-11-17 21:54:09,
2024-11-17 21:54:33,
2024-11-17 21:55:09,
2024-11-17 21:55:20,
2024-11-17 21:55:33,
2024-11-17 21:55:44,
2024-11-17 21:55:56,
2024-11-17 21:56:48,
2024-11-17 21:56:56,
2024-11-17 21:57:41,48.77
2024-11-17 21:58:37,
2024-11-17 21:58:40,
2024-11-17 21:58:44,
2024-11-17 21:59:09,
2024-11-17 21:59:33,
2024-11-17 22:00:09,
2024-11-17 22:00:20,
2024-11-17 22:00:33,
2024-11-17 22:00:44,
2024-11-17 22:00:56,
2024-11-17 22:01:48,
2024-11-17 22:01:56,
2024-11-17 22:02:41,48.77
2024-11-17 22:03:37,
2024-11-17 22:03:40,
2024-11-17 22:03:44,
2024-11-17 22:04:09,
2024-11-17 22:04:33,
2024-11-17 22:05:09,
2024-11-17 22:05:20,
2024-11-17 22:05:33,
2024-11-17 22:05:44,
2024-11-17 22:05:56,
2024-11-17 22:06:48,
2024-11-17 22:06:56,
2024-11-17 22:07:41,48.77
2024-11-17 22:08:37,
2024-11-17 22:08:40,
2024-11-17 22:08:44,
2024-11-17 22:09:09,
2024-11-17 22:09:33,
2024-11-17 22:10:09,
2024-11-17 22:10:20,
2024-11-17 22:10:33,
2024-11-17 22:10:44,
2024-11-17 22:10:56,
2024-11-17 22:11:48,
2024-11-17 22:11:56,
2024-11-17 22:12:41,48.77
2024-11-17 22:13:37,
2024-11-17 22:13:40,
2024-11-17 22:13:45,
2024-11-17 22:14:09,
2024-11-17 22:14:33,
2024-11-17 22:15:09,
2024-11-17 22:15:20,
2024-11-17 22:15:33,
2024-11-17 22:15:44,
2024-11-17 22:15:58,
2024-11-17 22:16:48,
2024-11-17 22:16:56,
2024-11-17 22:17:41,48.77
2024-11-17 22:18:37,
2024-11-17 22:18:40,
2024-11-17 22:18:45,
2024-11-17 22:19:09,
2024-11-17 22:19:33,
2024-11-17 22:20:09,
2024-11-17 22:20:20,
2024-11-17 22:20:21,
2024-11-17 22:20:33,
2024-11-17 22:20:44,
2024-11-17 22:20:56,
2024-11-17 22:21:48,
2024-11-17 22:21:57,
2024-11-17 22:22:41,48.77
2024-11-17 22:23:37,
2024-11-17 22:23:40,
2024-11-17 22:23:45,
2024-11-17 22:24:09,
2024-11-17 22:24:33,
2024-11-17 22:25:09,
2024-11-17 22:25:20,
2024-11-17 22:25:21,
2024-11-17 22:25:33,
2024-11-17 22:25:44,
2024-11-17 22:25:56,
2024-11-17 22:26:48,
2024-11-17 22:26:57,
2024-11-17 22:27:41,48.77
2024-11-17 22:28:37,
2024-11-17 22:28:40,
2024-11-17 22:28:45,
2024-11-17 22:29:09,
2024-11-17 22:29:33,
2024-11-17 22:30:10,
2024-11-17 22:30:20,
2024-11-17 22:30:21,
2024-11-17 22:30:33,
2024-11-17 22:30:44,
2024-11-17 22:30:56,
2024-11-17 22:31:48,
2024-11-17 22:31:57,
2024-11-17 22:32:41,48.77
2024-11-17 22:33:37,
2024-11-17 22:33:40,
2024-11-17 22:33:45,
2024-11-17 22:34:09,
2024-11-17 22:34:33,
2024-11-17 22:35:10,
2024-11-17 22:35:20,
2024-11-17 22:35:21,
2024-11-17 22:35:33,
2024-11-17 22:35:44,
2024-11-17 22:35:56,
2024-11-17 22:36:48,
2024-11-17 22:36:57,
2024-11-17 22:37:41,48.77
2024-11-17 22:38:37,
2024-11-17 22:38:40,
2024-11-17 22:38:45,
2024-11-17 22:39:09,
2024-11-17 22:39:33,
2024-11-17 22:40:10,
2024-11-17 22:40:20,
2024-11-17 22:40:21,
2024-11-17 22:40:33,
2024-11-17 22:40:44,
2024-11-17 22:40:57,
2024-11-17 22:41:48,
2024-11-17 22:41:57,
2024-11-17 22:42:41,48.77
2024-11-17 22:43:37,
2024-11-17 22:43:40,
2024-11-17 22:43:45,
2024-11-17 22:44:09,
2024-11-17 22:44:33,
2024-11-17 22:45:10,
2024-11-17 22:45:20,
2024-11-17 22:45:21,
2024-11-17 22:45:33,
2024-11-17 22:45:44,
2024-11-17 22:45:56,
2024-11-17 22:46:48,
2024-11-17 22:46:57,
2024-11-17 22:47:41,48.77
2024-11-17 22:48:37,
2024-11-17 22:48:40,
2024-11-17 22:48:45,
2024-11-17 22:49:09,
2024-11-17 22:49:33,
2024-11-17 22:50:10,
2024-11-17 22:50:21,
2024-11-17 22:50:33,
2024-11-17 22:50:44,
2024-11-17 22:50:56,
2024-11-17 22:51:48,
2024-11-17 22:51:57,
2024-11-17 22:52:41,48.77
2024-11-17 22:53:37,
2024-11-17 22:53:40,
2024-11-17 22:53:45,
2024-11-17 22:54:09,
2024-11-17 22:54:33,
2024-11-17 22:55:10,
2024-11-17 22:55:21,
2024-11-17 22:55:33,
2024-11-17 22:55:44,
2024-11-17 22:55:57,
2024-11-17 22:56:48,
2024-11-17 22:56:57,
2024-11-17 22:57:41,48.77
2024-11-17 22:58:37,
2024-11-17 22:58:40,
2024-11-17 22:58:45,
2024-11-17 22:59:09,
2024-11-17 22:59:33,
2024-11-17 23:00:10,
2024-11-17 23:00:21,
2024-11-17 23:00:33,
2024-11-17 23:00:44,
2024-11-17 23:00:57,
2024-11-17 23:01:48,
2024-11-17 23:01:57,
2024-11-17 23:02:41,48.77
2024-11-17 23:03:37,
2024-11-17 23:03:40,
2024-11-17 23:03:45,
2024-11-17 23:04:09,
2024-11-17 23:04:33,
2024-11-17 23:05:11,
2024-11-17 23:05:21,
2024-11-17 23:05:33,
2024-11-17 23:05:44,
2024-11-17 23:05:56,
2024-11-17 23:06:48,
2024-11-17 23:06:57,
2024-11-17 23:07:42,48.77
2024-11-17 23:08:37,
2024-11-17 23:08:40,
2024-11-17 23:08:45,
2024-11-17 23:09:09,
2024-11-17 23:09:33,
2024-11-17 23:10:10,
2024-11-17 23:10:21,
2024-11-17 23:10:33,
2024-11-17 23:10:44,
2024-11-17 23:10:57,
2024-11-17 23:11:48,
2024-11-17 23:11:57,
2024-11-17 23:12:43,48.77
2024-11-17 23:13:37,
2024-11-17 23:13:40,
2024-11-17 23:13:45,
2024-11-17 23:14:09,
2024-11-17 23:14:33,
2024-11-17 23:15:10,
2024-11-17 23:15:21,
2024-11-17 23:15:33,
2024-11-17 23:15:44,
2024-11-17 23:15:57,
2024-11-17 23:16:48,
2024-11-17 23:16:58,
2024-11-17 23:17:43,48.77
2024-11-17 23:18:37,
2024-11-17 23:18:40,
2024-11-17 23:18:45,
2024-11-17 23:19:09,
2024-11-17 23:19:33,
2024-11-17 23:20:10,
2024-11-17 23:20:21,
2024-11-17 23:20:33,
2024-11-17 23:20:45,
2024-11-17 23:20:57,
2024-11-17 23:21:48,
2024-11-17 23:21:58,
2024-11-17 23:22:43,48.77
2024-11-17 23:23:37,
2024-11-17 23:23:40,
2024-11-17 23:23:45,
2024-11-17 23:24:09,
2024-11-17 23:24:33,
2024-11-17 23:25:10,
2024-11-17 23:25:21,
2024-11-17 23:25:33,
2024-11-17 23:25:45,
2024-11-17 23:25:57,
2024-11-17 23:26:48,
2024-11-17 23:26:58,
2024-11-17 23:27:43,48.77
2024-11-17 23:28:37,
2024-11-17 23:28:40,
2024-11-17 23:28:45,
2024-11-17 23:29:09,
2024-11-17 23:29:33,
2024-11-17 23:30:10,
2024-11-17 23:30:21,
2024-11-17 23:30:33,
2024-11-17 23:30:46,
2024-11-17 23:30:57,
2024-11-17 23:31:48,
2024-11-17 23:31:58,
2024-11-17 23:32:43,48.77
2024-11-17 23:33:38,
2024-11-17 23:33:40,
2024-11-17 23:33:45,
2024-11-17 23:34:09,
2024-11-17 23:34:33,
2024-11-17 23:35:10,
2024-11-17 23:35:21,
2024-11-17 23:35:33,
2024-11-17 23:35:46,
2024-11-17 23:35:57,
2024-11-17 23:36:48,
2024-11-17 23:36:58,
2024-11-17 23:37:43,48.77
2024-11-17 23:38:38,
2024-11-17 23:38:40,
2024-11-17 23:38:45,
